GFA_sqm,Building_Type,Num_Floors,Year_Built,Structure_Type,Actual_Scope3_tCO2e,Intensity_kgCO2e_m2
16795,Education,29,1994,Timber,5763.706672722776,343.17991501773
7265,Office,19,2002,Timber,1981.5918760072611,272.7586890581227
45131,Office,24,1982,Concrete,23442.436850930215,519.4309200090894
3433,Healthcare,21,2012,Mixed,1916.2749387552244,558.1925251253202
28480,Office,27,2021,Mixed,13238.587120257453,464.83803090791616
1189,Healthcare,3,2016,Timber,288.25924904622474,242.43839280590814
15502,Office,18,1983,Steel,10845.213155420395,699.6009002335437
44001,Residential,9,2005,Steel,24771.523047322826,562.9763652490358
24483,Healthcare,7,1987,Timber,5903.968119490469,241.14561612100104
27531,Office,4,1981,Concrete,12991.504312958354,471.8863939907143
41757,Residential,29,1997,Concrete,24595.739118307432,589.0207418710021
27557,Residential,36,1993,Timber,10757.562357206307,390.37494492166445
41397,Healthcare,23,2019,Steel,32299.301172299565,780.2328954344413
18262,Residential,24,2005,Steel,11699.463086132067,640.645224298109
40976,Healthcare,29,1994,Steel,31266.124100860445,763.0350473657859
3568,Education,24,1980,Mixed,1607.6975858950325,450.5878884234956
6258,Education,17,1987,Timber,1754.613682230147,280.3793036481539
39660,Education,39,2020,Mixed,23184.37432385464,584.5782734204397
14067,Healthcare,34,2012,Mixed,8551.021484138393,607.8781178743437
15039,Residential,37,2014,Mixed,8267.218768853083,549.7186494350078
43530,Education,1,2014,Steel,26438.382653863937,607.3600425881906
18412,Education,26,1993,Timber,5183.104721536059,281.5068825513827
22518,Education,26,2021,Mixed,9961.007918691383,442.35757699135723
42523,Education,32,1983,Concrete,24067.951555155527,565.9984374375168
2678,Education,29,2015,Steel,1703.7441555944897,636.2002074662023
28890,Education,22,2007,Concrete,16580.769906465554,573.9276533909849
45020,Residential,6,2007,Mixed,16144.238324746138,358.60147322847934
49925,Healthcare,11,2007,Steel,34926.237170453285,699.5741045659147
31080,Office,27,1992,Steel,20458.566405986563,658.25503236765
22959,Residential,27,1988,Concrete,12684.540166809908,552.4866138250754
14545,Education,24,1994,Timber,4209.2091987745125,289.3921759212453
4304,Healthcare,12,2018,Concrete,2745.8741845698596,637.9819202067517
21080,Office,17,1981,Concrete,11077.13864576007,525.4809604250507
25548,Education,32,2012,Steel,17194.258459951896,673.0177884747102
22556,Residential,26,2011,Concrete,12407.568649688756,550.0784114953341
33970,Healthcare,17,2017,Mixed,17627.012150442573,518.8993862361665
1197,Residential,22,1990,Timber,318.68545757579733,266.2368066631557
28848,Office,6,1995,Steel,17931.040436946878,621.5696213583915
48011,Healthcare,19,2005,Timber,16824.354011930114,350.4270690452212
3911,Healthcare,7,2020,Steel,2689.2783460960513,687.6191117606882
36153,Education,1,1990,Mixed,13438.082553482725,371.7003444660948
48254,Residential,31,2009,Concrete,27780.355551755823,575.7109369535339
32065,Healthcare,2,1980,Mixed,15141.485217520096,472.2122319513518
30855,Office,9,2020,Timber,7220.566837971444,234.01610234877472
2154,Healthcare,20,2003,Concrete,1501.2164542026067,696.9435720532064
30299,Healthcare,11,1987,Mixed,15899.081114415289,524.7394671248321
49354,Healthcare,25,2014,Steel,36019.5351242817,729.8199765830874
22357,Healthcare,18,1981,Concrete,14337.896645990762,641.3157689310177
47760,Office,36,2012,Mixed,23982.6077403978,502.14840327466084
22295,Office,20,1987,Timber,6518.4479142272685,292.37263575811926
45064,Healthcare,12,2001,Timber,12330.709136273781,273.6266007516816
15373,Residential,38,1987,Timber,5613.376898993395,365.14518304777175
33352,Office,28,2012,Steel,21771.037191162148,652.7655670173347
46714,Healthcare,4,2014,Mixed,21344.46464339346,456.91793987655655
19589,Office,29,1985,Timber,6681.841599021968,341.1017203033319
19711,Office,29,2010,Timber,7021.483030030754,356.221552941543
1190,Healthcare,21,2011,Timber,388.13477945143126,326.16368021128676
27641,Education,25,2021,Timber,9010.883120791774,325.997001584305
35663,Education,24,2011,Timber,11747.507427376102,329.40323100625585
17538,Residential,2,2005,Steel,10506.156736699562,599.0510170315636
13533,Office,39,2008,Concrete,9268.854402704705,684.9075890567283
30592,Education,24,1992,Mixed,14410.856746599662,471.06618549292824
46091,Office,20,1980,Mixed,21578.746980571632,468.1770189531933
11893,Healthcare,12,2002,Timber,3339.953744011019,280.8335780720608
11966,Residential,22,2004,Concrete,6758.111998278017,564.7761990872486
23677,Office,22,2021,Concrete,12737.414770182806,537.965737643401
3491,Education,37,2012,Mixed,1968.5375818437958,563.8893101815513
49747,Healthcare,5,2018,Mixed,23917.465972135895,480.7820767510783
33093,Healthcare,35,2019,Mixed,19317.241976544112,583.7259232026142
18019,Residential,30,1998,Steel,12358.059535238726,685.8349262022713
29251,Education,26,2016,Concrete,18535.399738218304,633.6672161026394
2150,Education,9,1991,Steel,1166.2138314108352,542.4250378655048
17896,Residential,34,2011,Concrete,10194.282593512555,569.6402879700802
46543,Office,1,1995,Steel,27060.4054175086,581.4065577532303
17964,Education,22,2008,Timber,4738.320006035462,263.76753540611566
2679,Residential,37,2001,Steel,1906.7951571885865,711.7563110073111
45078,Healthcare,30,1984,Mixed,24434.950577804597,542.05933221981
36247,Residential,21,2018,Mixed,15414.448884255176,425.2613701618114
38220,Residential,23,1989,Concrete,22177.750564986232,580.2655825480438
41158,Residential,10,1998,Concrete,20583.279954218426,500.10398839152595
10540,Healthcare,4,1995,Mixed,5095.22123507185,483.41757448499527
30168,Residential,28,2011,Timber,10234.818452606632,339.2607548596736
7833,Healthcare,35,2012,Steel,7238.8632430489215,924.1495267520645
39155,Education,3,1980,Steel,22792.821645356362,582.1177792199301
25107,Education,29,1992,Mixed,11435.661594777723,455.47702213636524
32996,Residential,35,2002,Steel,24667.142491168335,747.5797821302077
16305,Office,26,2013,Timber,4834.024810366178,296.4749960359508
18209,Healthcare,11,2008,Mixed,9265.629719479946,508.8489054577377
24548,Office,36,1989,Steel,18818.24527479885,766.5897537395654
49816,Healthcare,35,2015,Concrete,35494.02291512242,712.5024673824157
24190,Healthcare,32,2016,Mixed,14594.041539917487,603.3088689507023
44286,Office,25,2014,Steel,29162.03869618246,658.4933996337999
15397,Office,20,2004,Concrete,8125.610766011184,527.7398691960242
48280,Education,36,1991,Steel,38101.88890594222,789.1857685572127
5360,Healthcare,7,2007,Concrete,3229.807450449941,602.5760168749889
6486,Healthcare,16,1984,Timber,2065.0925471526266,318.39231377622986
12130,Healthcare,21,2015,Steel,10090.173417422022,831.8362256737034
2062,Office,39,1993,Timber,704.5654740708521,341.69033660080123
39102,Education,29,2022,Timber,11734.876040962898,300.1093560677944
49136,Healthcare,10,1996,Steel,37772.86907639624,768.7412299820139
47732,Residential,9,2006,Concrete,21957.382393551376,460.0138773475106
27962,Office,8,1980,Concrete,14558.53714696612,520.6543575912352
41262,Education,25,1983,Mixed,19114.401186726784,463.244660625437
35578,Education,39,2006,Concrete,24812.798644364164,697.4197156772209
16485,Education,3,1992,Concrete,7617.4784735444055,462.0854397054538
31355,Residential,28,1987,Steel,23031.660624666936,734.5450685589838
40298,Education,13,2007,Concrete,20339.325760106556,504.7229579658186
29016,Healthcare,25,2012,Concrete,19766.115427605626,681.2143447617048
37395,Residential,32,2000,Mixed,19177.110063376782,512.8255131268025
12003,Education,37,2015,Timber,4552.317938877384,379.2650119867853
49529,Office,14,1994,Timber,13610.151608691485,274.79156875146856
41821,Residential,3,1995,Timber,7413.709409818144,177.27240883331686
35121,Healthcare,32,1995,Mixed,21040.621210883335,599.0894681496351
1667,Healthcare,8,2007,Mixed,774.4918185608714,464.60217070238235
41251,Residential,28,2007,Steel,31163.747909123114,755.4664834579311
39810,Healthcare,17,1988,Steel,29796.507268627276,748.4679042609213
36547,Office,29,1992,Concrete,19902.32103751207,544.5678451723005
6713,Residential,5,2004,Concrete,2922.579063651216,435.3610999033541
24793,Residential,5,2012,Concrete,12508.132129357029,504.50256642427416
47318,Healthcare,11,2000,Concrete,27991.624018752882,591.5639718236798
7970,Residential,27,1992,Steel,5425.266374248531,680.710962891911
9702,Education,1,2000,Mixed,3151.699485851311,324.8504932850248
19384,Healthcare,5,2010,Steel,14703.459566078003,758.5358835161991
24574,Office,37,2016,Concrete,16695.703842270355,679.4052186160313
49212,Office,14,1988,Concrete,24318.110474658486,494.1500137092271
18100,Office,4,1980,Steel,10847.292009324176,599.297901067634
37187,Residential,31,1987,Timber,12885.124592442135,346.49540410471764
44125,Residential,3,1991,Steel,25189.438986484434,570.8654727815169
25285,Office,17,2002,Timber,7082.010363853091,280.08741798904845
38441,Residential,11,2018,Concrete,19867.98617002993,516.8436349218265
7949,Residential,34,1997,Concrete,4982.410429765467,626.797135459236
11209,Education,38,2012,Mixed,6549.765036439208,584.3308980675536
5854,Residential,17,1984,Steel,3454.9039559845414,590.1783320779879
20856,Healthcare,10,1996,Mixed,9142.408085191537,438.35865387377913
28169,Office,6,1981,Steel,15387.574609451318,546.2591717651077
13015,Education,11,2002,Timber,3110.3768508396274,238.98400697961026
12637,Education,16,1987,Mixed,5088.183001883472,402.64168725832644
42240,Healthcare,3,2011,Timber,9914.27912080933,234.71304736764512
11161,Healthcare,19,2000,Steel,8370.959723972652,750.0187907869055
37668,Residential,22,2000,Concrete,19493.61254317315,517.5112175632672
17907,Office,26,2013,Steel,12185.082257410917,680.4647488362606
17282,Office,9,2005,Steel,10244.014409309624,592.756301892699
11478,Residential,30,2022,Timber,3694.7782283972024,321.90087370597684
30721,Office,36,1980,Mixed,17090.569310517298,556.3155271806678
23195,Office,15,2001,Concrete,12465.381539692748,537.4167510106811
3125,Education,24,1981,Steel,1910.480445551582,611.3537425765063
47391,Education,7,1982,Timber,10890.970680421553,229.81094892324606
39638,Education,18,2017,Timber,10482.144119611028,264.44684695522045
9152,Healthcare,37,2007,Concrete,7063.040258776634,771.7482800236706
30926,Office,22,2005,Concrete,16001.525533127922,517.4133587637562
4596,Office,20,2004,Mixed,2008.2653440084518,436.95938729513745
27734,Office,36,2001,Concrete,17674.19942448755,637.2755255097552
16728,Healthcare,19,2021,Steel,12526.541486609063,748.836769883373
49447,Healthcare,34,1985,Steel,46427.862460513745,938.9419471457064
28285,Office,21,1985,Concrete,14900.574992556498,526.8013078506805
12613,Healthcare,11,2009,Timber,3240.7698008150373,256.9388567997334
14046,Office,3,2010,Mixed,5328.746011129109,379.3781867527488
39110,Healthcare,6,1981,Mixed,19508.682164460453,498.81570351471373
23350,Healthcare,6,2009,Mixed,11122.261695678006,476.328124011906
39328,Residential,2,1994,Timber,7579.342586355945,192.7212821998562
23700,Education,5,1985,Concrete,10860.513800764154,458.2495274584032
46587,Education,12,1980,Concrete,25031.824450639193,537.3135091471696
2828,Residential,11,2015,Steel,1722.0917127459622,608.943321338742
46745,Office,10,1984,Timber,10856.545465695872,232.25041107489295
6287,Residential,2,1999,Steel,3266.4006312705583,519.5483746255063
20216,Office,9,1990,Timber,4522.74229024785,223.72092848475714
37258,Education,30,2010,Steel,27910.036518741035,749.1018444023038
1235,Healthcare,14,1990,Steel,864.6287726298634,700.1042693359218
6415,Education,22,2008,Mixed,3144.4441527944123,490.1705616203293
31523,Office,30,2014,Steel,20682.136215793173,656.0966981503402
24930,Education,14,2005,Concrete,12597.586972796687,505.31837034884427
18449,Office,25,1997,Mixed,8679.057475809768,470.43511712340876
29173,Healthcare,32,2017,Steel,26086.28183951906,894.1926383820332
10184,Education,25,1996,Steel,6725.005264389433,660.3500848772028
19381,Residential,39,1985,Concrete,12082.75955433331,623.4332363827104
25519,Education,15,2008,Steel,16056.111700767971,629.1826364970403
1922,Education,36,2008,Concrete,1271.9849683860418,661.8027931248918
33154,Office,33,1983,Concrete,21262.650911591136,641.3298821135047
47714,Office,10,2012,Concrete,25389.847103512046,532.1257304672014
30486,Education,36,2003,Mixed,15825.662236042477,519.112452799399
21103,Office,5,2008,Timber,4247.340925183442,201.26716226050522
21609,Office,27,2010,Timber,7070.870011998843,327.21875200142733
34561,Healthcare,27,1984,Mixed,18833.601327559543,544.9379742356859
44879,Residential,38,1985,Mixed,23864.339187565434,531.7484611414121
11541,Residential,12,2005,Steel,6531.884879585819,565.9721756854535
18368,Residential,33,2019,Mixed,9635.396892310788,524.5751792416587
38219,Healthcare,4,1984,Mixed,15350.447602795231,401.64440730514224
28632,Education,28,2010,Concrete,15436.44865878914,539.1327416453319
40964,Education,14,2019,Steel,27559.370581776435,672.7704956004403
35560,Education,37,2000,Concrete,24111.104426160215,678.0400569786337
20256,Residential,1,2019,Timber,3671.6653544749547,181.26310004319484
10524,Office,9,1989,Mixed,4396.247362317674,417.7354012084449
14224,Residential,35,2004,Concrete,9636.50328598189,677.4819520515952
9070,Residential,18,2006,Concrete,5307.701510361542,585.1931102934445
46994,Healthcare,24,2004,Timber,15786.081564423137,335.91695885481414
23359,Office,33,2008,Timber,7700.37645481609,329.65351491142985
11395,Residential,21,1986,Steel,8151.985411050942,715.4002115884987
38011,Office,22,2007,Timber,12118.617856841147,318.818706607065
21806,Office,1,2011,Steel,11853.791989649191,543.6023108157934
25442,Education,19,2011,Concrete,13008.111991814627,511.28496155233967
43460,Office,30,1995,Mixed,22110.073364001288,508.7453604234075
39258,Office,2,2007,Steel,21548.145499310478,548.8854628180366
26522,Residential,4,1980,Mixed,10523.190589798518,396.7721359550003
49770,Education,32,1989,Concrete,32772.873602595675,658.4865099979039
48190,Residential,28,2011,Concrete,30518.980656804724,633.3052636813597
46368,Healthcare,3,2003,Timber,11223.123104006696,242.04458040042047
9519,Office,37,1982,Timber,3580.5762846468665,376.15046587318693
14575,Education,34,2014,Mixed,8319.81508768806,570.8277933233661
48917,Healthcare,16,1983,Mixed,26089.705168564633,533.3463860940907
22389,Office,31,1997,Timber,7700.1845565352605,343.92713191903437
3198,Office,21,1998,Mixed,1362.3819774489625,426.01062459317154
32419,Healthcare,18,1981,Steel,26478.520754380577,816.7593310830247
20978,Healthcare,2,1982,Timber,4337.428101280963,206.76080185341613
15596,Healthcare,37,2017,Mixed,10116.857853701666,648.6828580213943
8083,Residential,35,2001,Mixed,3938.133653970625,487.2118834554775
49285,Residential,23,2011,Steel,32674.74864272564,662.975522830996
3573,Office,9,2019,Concrete,1815.8498502644436,508.2143437627886
24752,Education,22,2022,Concrete,15203.991350998725,614.2530442387979
12372,Residential,34,2002,Steel,8049.820240835316,650.6482574228352
27665,Residential,36,2020,Concrete,15920.214337272184,575.4641003893795
32896,Office,38,1991,Timber,11213.813029067152,340.8868260295219
41760,Residential,31,1985,Timber,14262.15406682435,341.5266778454107
47828,Healthcare,7,1989,Steel,35845.66156881878,749.4702176302328
25027,Office,2,2022,Steel,12845.69465336216,513.2734508076142
22874,Healthcare,26,2008,Steel,19923.51227680127,871.0112912827345
25063,Education,36,2018,Mixed,13459.80574697468,537.0388918714712
24150,Residential,24,2001,Steel,16127.929367587483,667.8231622189434
41483,Residential,20,1998,Timber,12408.629794323924,299.12566097736243
25058,Office,34,1988,Concrete,15455.91037169532,616.8054262788459
16048,Office,17,1980,Steel,10608.137943118858,661.0255448104971
46080,Healthcare,39,2014,Timber,18984.90843496425,411.9988809671062
42131,Healthcare,30,2017,Concrete,27926.343736315932,662.8454994259793
5090,Office,17,1989,Steel,3197.2465118132113,628.1427331656604
21491,Education,16,2003,Timber,5847.1787417590485,272.07569409329716
12344,Office,23,2016,Concrete,7165.780488164122,580.5071685162121
16896,Healthcare,18,2004,Mixed,8423.66497938071,498.55971705615
26064,Residential,26,2011,Concrete,15383.97876115306,590.2385958085121
13182,Office,26,2000,Concrete,8280.888141701445,628.1966425202129
38198,Residential,7,1988,Timber,8909.646692452689,233.24903640119084
42786,Residential,23,2008,Concrete,25358.93248841351,592.692293937585
26510,Healthcare,35,1997,Timber,12036.165593521377,454.0235983976377
25077,Office,31,2003,Timber,8502.742333599752,339.0653719982355
14409,Office,3,2016,Timber,2719.772575764429,188.7551235869546
24510,Education,39,1994,Mixed,13463.45454179703,549.3045508689119
16317,Office,25,1992,Concrete,9420.119550622498,577.3193326360542
14737,Office,2,2014,Concrete,7443.826713994035,505.11140082744356
30430,Education,13,1992,Concrete,17047.61549677199,560.2239729468283
31586,Education,39,2008,Concrete,18696.451449625787,591.9220999691568
9436,Residential,16,1989,Concrete,4918.829019792282,521.2832789097374
13676,Education,1,2009,Steel,6998.86568080153,511.76262655758484
25951,Residential,30,1983,Concrete,14741.022569699546,568.0329301259892
26280,Office,15,1988,Timber,6546.365318655178,249.10065900514377
10155,Healthcare,12,2016,Steel,7075.141436275204,696.7150601945056
38573,Healthcare,39,2003,Timber,18759.406012726657,486.3351570457744
49280,Residential,7,1983,Timber,10386.644584195066,210.76795016629598
16934,Office,10,2022,Concrete,8270.719041499282,488.40906114912497
28376,Office,3,1985,Steel,14614.66784828841,515.0362224516638
1726,Education,9,2014,Mixed,749.252661249132,434.09771798906837
43874,Office,35,1997,Concrete,30143.279478468026,687.0419719758405
29831,Education,35,2017,Steel,20432.849473827184,684.9535541492804
38443,Education,14,2016,Concrete,19820.170462010323,515.5729381684656
24874,Healthcare,28,2008,Steel,18718.898241316983,752.548775481104
26931,Residential,9,1994,Mixed,11555.97278428358,429.09556957720025
16585,Education,24,1994,Concrete,8999.218881417812,542.6119313486772
6295,Office,26,1997,Concrete,3988.5507068261672,633.6061488206778
4020,Healthcare,28,1984,Steel,3562.3626571652344,886.1598649664762
10516,Healthcare,32,2008,Timber,4569.13855507378,434.4939668194922
12303,Healthcare,34,2019,Timber,5543.94589613939,450.6174019458173
21695,Office,19,1995,Mixed,9162.458296382876,422.33041237072484
19088,Education,13,2022,Steel,12202.748237022226,639.288989785322
21670,Residential,27,2017,Mixed,9792.341345274988,451.8846952134282
10017,Education,31,2002,Concrete,5610.454124960262,560.0932539642869
12700,Education,30,2018,Timber,3772.838877442628,297.07392735768724
49845,Residential,13,2008,Mixed,18643.526713385225,374.0300273524972
31220,Healthcare,27,2020,Steel,23691.132472306937,758.8447300546744
13987,Residential,24,2014,Mixed,6057.1567903556315,433.0561800497341
45486,Residential,10,2020,Mixed,19432.061333894973,427.2097202192976
34339,Healthcare,15,2009,Steel,23706.837232420796,690.376459198602
8059,Healthcare,32,2015,Concrete,6426.926866965426,797.484410840728
15859,Healthcare,22,1996,Concrete,10600.922075075414,668.4483306056759
21953,Residential,18,1993,Mixed,9999.429017777835,455.49259863243446
12939,Healthcare,35,1991,Timber,5033.159045531597,388.99134751770595
8813,Office,15,2011,Timber,2136.0768401611895,242.3779462341075
45569,Education,34,2013,Steel,35725.17201716064,783.9797234339276
7540,Education,39,1994,Timber,3011.808193059841,399.4440574349922
24411,Education,32,1981,Timber,8599.359455480317,352.2739525410805
12722,Residential,27,1982,Steel,9521.951648593955,748.4634215212981
33347,Healthcare,29,2000,Timber,12796.53545332776,383.7387307202375
49901,Education,19,1984,Timber,13206.666895273365,264.6573594772322
45923,Residential,38,1994,Concrete,27704.308137336815,603.2774021152106
20440,Healthcare,25,2003,Mixed,11797.018207225896,577.1535326431456
19639,Healthcare,27,1987,Mixed,10711.015744176815,545.3951700278433
37444,Office,8,1994,Timber,8805.722780518787,235.1704620371431
40110,Healthcare,3,2008,Mixed,16844.96118118669,419.9691144648887
45859,Healthcare,3,1999,Concrete,25395.34107374602,553.7700576494477
12536,Residential,20,2015,Steel,7660.351136609005,611.0682144710438
6109,Office,2,2003,Mixed,2115.828086908616,346.34606104249735
37935,Office,21,1997,Concrete,20601.23847991392,543.066784761142
42125,Residential,32,1990,Steel,31446.41427403344,746.5024160007938
21581,Healthcare,8,1990,Concrete,13321.981702413108,617.3014087583109
44408,Office,12,2011,Timber,10655.550005686457,239.9466313656651
31811,Residential,20,2012,Concrete,18461.14868953407,580.3385209372252
7368,Residential,33,2020,Steel,4828.240972091255,655.2987204249803
48219,Office,26,2001,Timber,13849.865098540542,287.2283767506697
33857,Education,15,2013,Concrete,16592.83056769226,490.0856711372023
7090,Office,3,1985,Steel,4355.330165323057,614.2919838255369
27015,Education,12,1987,Mixed,11550.40179466772,427.5551284348591
26683,Residential,7,1990,Mixed,10381.851307482364,389.0811118495808
28961,Residential,22,2005,Timber,8639.86291057402,298.32750632139846
30545,Office,14,1990,Concrete,14486.779258171146,474.27661673501865
45555,Education,13,2004,Steel,28664.858220578204,629.236268698896
21022,Education,36,1987,Steel,16235.206134503786,772.295982042802
27911,Education,18,1985,Concrete,15533.934206032782,556.5524060776318
49479,Office,3,2007,Concrete,22562.587606495283,456.00330658451634
40004,Office,15,2012,Timber,10124.763206831381,253.09377079370515
47804,Residential,31,2003,Mixed,24762.72281032122,518.0052466388005
26963,Healthcare,20,2003,Concrete,19101.887670353346,708.4481574881632
7563,Healthcare,34,2015,Concrete,5736.84759861568,758.5412665100727
46350,Healthcare,12,1982,Steel,33696.21801582888,726.9949949477644
20342,Office,33,2014,Concrete,13050.338306082254,641.5464706558969
13765,Healthcare,23,2021,Mixed,7485.543382385075,543.8099079102851
34142,Residential,37,1984,Concrete,21646.6865230058,634.0192877689004
31523,Residential,14,2018,Steel,20179.92251169423,640.1650385970318
46893,Education,17,2004,Steel,29175.832117130365,622.1788351594132
44006,Education,1,2019,Mixed,14468.822068263591,328.7920299110028
37142,Office,31,1990,Concrete,20554.12675890909,553.3931064269315
11831,Residential,10,2008,Concrete,6115.90578396657,516.9390401459361
43240,Office,5,1999,Mixed,16594.901191556874,383.7858739953023
44320,Office,20,2007,Steel,29416.06864908676,663.7199604938348
7116,Education,12,2016,Steel,4639.552263613507,651.9887947742421
15135,Healthcare,28,1994,Concrete,10085.163590689159,666.3471153412064
35707,Office,14,1981,Steel,22276.348321705278,623.8650214721281
1281,Healthcare,29,1980,Timber,472.0826922007563,368.5266918038691
29404,Office,5,2012,Steel,17193.610586718598,584.7371305508977
42235,Healthcare,24,2022,Concrete,31499.194639605554,745.8078522458992
16398,Residential,31,2022,Concrete,9608.58965968302,585.9610720626308
13115,Residential,23,1995,Concrete,6968.12330677895,531.3094400898932
11225,Education,21,1980,Timber,3309.560150293392,294.83832073883224
14669,Healthcare,5,2001,Timber,3747.595000585716,255.47719684952733
39006,Education,26,2022,Concrete,20440.38653378961,524.0318549399992
16504,Residential,26,1987,Timber,5188.491282028689,314.37780429160745
43823,Healthcare,25,1983,Steel,36210.8899412466,826.2987458924903
48055,Education,14,1984,Steel,27449.858680859863,571.2175357581909
5033,Healthcare,6,1988,Steel,3437.748313071495,683.0415881326237
7924,Healthcare,9,1992,Timber,2241.5114628418055,282.87625729957165
49508,Healthcare,38,1983,Concrete,37551.9800104189,758.5032724088813
8761,Residential,13,2020,Timber,2118.7916256327294,241.84358242583374
4712,Education,24,1986,Steel,3048.6785343364636,647.0030845366009
28723,Office,7,1994,Steel,16401.094534267402,571.0091053952374
39360,Office,33,2011,Steel,27829.566001421084,707.0519817434218
45298,Residential,35,1987,Concrete,29118.550780171227,642.8219961183987
36757,Residential,9,1982,Steel,23459.66653992008,638.2367042990472
44461,Healthcare,28,2008,Concrete,29016.263964993606,652.6228372054971
17353,Office,37,1994,Mixed,9240.58383388765,532.5064158294041
26519,Education,23,1985,Concrete,15636.872862004897,589.6479076135939
40338,Education,21,2002,Timber,10364.086061299493,256.9310838737541
28764,Education,15,2004,Mixed,13268.773839954285,461.29793630768614
46379,Education,21,1992,Concrete,24167.910172282227,521.0959738735684
7012,Residential,4,2006,Steel,4239.0692058987015,604.5449523529237
43641,Education,2,1992,Mixed,16726.221879451936,383.26852912288757
35054,Residential,31,1989,Timber,11802.189175821366,336.6859467056931
24486,Education,36,1999,Mixed,11905.733020019668,486.2261300342918
43368,Residential,13,2001,Concrete,22402.306029064428,516.5630425443744
29552,Healthcare,26,1988,Timber,11237.354437579823,380.2569855705138
39520,Residential,8,2003,Mixed,15587.387129313405,394.4176905190639
35084,Education,4,2003,Timber,7509.623910710345,214.04697043411085
37041,Education,25,1997,Timber,11577.36526796604,312.55541880527096
43422,Office,5,2014,Mixed,17464.753102581155,402.20978081574214
15996,Education,17,2001,Mixed,6697.00765559838,418.6676453862453
34755,Education,7,2011,Timber,7071.729316996961,203.47372513298694
40420,Residential,25,1981,Mixed,17803.465005842598,440.4617764928896
29482,Office,39,2020,Steel,19837.1801766875,672.8573426730718
30371,Healthcare,19,1983,Concrete,19216.014422558066,632.709308964409
26766,Healthcare,36,2019,Steel,25295.53594906072,945.0622412411536
17456,Education,8,2012,Timber,3720.164432498126,213.116660890131
7704,Education,2,1984,Mixed,2625.7332872907346,340.8272698975512
35503,Office,3,1982,Concrete,17068.503469447325,480.7622868334317
20201,Education,38,1996,Timber,7819.163450843383,387.0681377577042
33007,Residential,22,2015,Steel,20369.939596828703,617.1399883912111
4374,Education,16,2021,Concrete,2282.375271291463,521.8050460199961
4083,Education,17,1995,Mixed,1947.050266130958,476.8675645679545
35447,Education,30,2002,Mixed,19404.271359097722,547.4164628628015
27116,Residential,20,2019,Mixed,12299.71297902189,453.5961417252504
17669,Office,21,1999,Concrete,9329.801764715314,528.0322465739608
27342,Healthcare,32,2012,Steel,24814.558131340535,907.5619241950309
10715,Residential,34,1993,Mixed,5352.414114731237,499.52534901831416
19792,Residential,21,1981,Timber,5346.336838686351,270.12615393524413
39067,Office,23,2005,Mixed,19522.5733328116,499.72030954031794
18826,Residential,22,2022,Timber,5996.931273649694,318.54516485975216
25819,Office,12,2021,Concrete,14003.705870400476,542.3798702661015
12421,Education,24,2021,Concrete,7393.50231880508,595.2421156754754
29495,Education,7,1993,Steel,16642.13413666986,564.2357734080306
7721,Education,27,1981,Timber,2357.2543672816896,305.30428277188054
49895,Healthcare,10,2004,Concrete,27736.778225574544,555.9029607290219
30984,Residential,36,2010,Concrete,18111.354860938445,584.5389511018088
38685,Healthcare,3,2014,Steel,27934.331112821106,722.0972240615512
49244,Office,34,1987,Steel,32093.14774259816,651.7169146007262
32822,Office,4,1991,Mixed,11226.12815158119,342.03059385720525
12916,Healthcare,31,1993,Mixed,7732.406436010379,598.6688166623087
36262,Healthcare,6,2011,Steel,22803.799033025676,628.8621430981655
38947,Residential,23,1998,Timber,10481.402151697674,269.1196279995294
43913,Education,10,2004,Concrete,21888.88094907594,498.4601587018865
47332,Residential,31,1994,Steel,32904.14341930517,695.1775420287579
30794,Office,21,1988,Mixed,13459.996995371886,437.0980384286512
7406,Education,16,1995,Mixed,3259.7690001802976,440.152443988698
35406,Healthcare,17,2016,Timber,10630.405331088106,300.2430472543667
42779,Office,36,2017,Timber,16091.357546541449,376.1508578167196
33371,Office,35,1986,Timber,11643.249101986641,348.90321242955383
32174,Residential,37,2001,Steel,21335.274225553912,663.1215958710111
25282,Residential,21,2017,Timber,7323.751678081944,289.68244909745846
41761,Education,39,1984,Steel,30013.695798792814,718.7015588418096
25817,Residential,21,1997,Steel,18464.435619663134,715.2045404060555
42424,Healthcare,35,1990,Timber,18070.21613000933,425.94324274017833
30300,Healthcare,26,1983,Concrete,20349.325137399817,671.5948890230964
34361,Healthcare,35,2020,Steel,29263.16329698243,851.6388724711862
44404,Residential,17,1988,Steel,29257.48955311149,658.8931076729909
4631,Healthcare,29,2012,Concrete,3591.1068047116696,775.4495367548412
26364,Healthcare,28,1990,Timber,10446.428682626554,396.2383812254041
24253,Education,8,1994,Steel,13069.091408886774,538.8649407861615
32186,Healthcare,5,2011,Mixed,14519.103726894908,451.09997287314076
42991,Office,13,1987,Steel,27741.382633387413,645.2834926702661
8788,Office,24,2014,Mixed,3746.70809727379,426.34366150134156
23804,Healthcare,31,2015,Timber,10470.14885218837,439.8482965967219
39278,Education,28,2022,Concrete,21312.66255087425,542.6106866661809
11759,Residential,10,2017,Timber,2478.5608053413443,210.77989670391565
24888,Healthcare,31,1987,Mixed,14261.184901042925,573.0145010062249
32182,Office,3,2015,Concrete,14248.462613876118,442.7463368925523
13504,Office,10,2000,Mixed,5177.7815026887865,383.4257629360772
18153,Healthcare,13,2011,Timber,5359.1498398285285,295.22116673985175
30921,Healthcare,11,1989,Timber,8040.992725118886,260.0495690669411
27806,Residential,9,2004,Mixed,10834.165054764559,389.6340737525915
40896,Healthcare,22,2009,Mixed,20865.70159948634,510.2137519436214
34453,Healthcare,21,2014,Concrete,24395.622609119666,708.0841322706199
11736,Education,12,2020,Timber,2677.0704294122197,228.10756896832137
40933,Office,21,1987,Concrete,23755.97678659645,580.3624651649391
30334,Education,32,1990,Mixed,15609.656348897615,514.5927457274878
44541,Education,28,2008,Steel,28673.021305621874,643.7444445706624
46268,Office,15,2006,Concrete,22898.898109128528,494.9186934626206
47486,Education,24,1992,Concrete,27295.667057158393,574.8150414260707
2376,Office,3,1998,Timber,480.8228676291697,202.36652677995357
40019,Education,25,2016,Timber,11377.871467490519,284.3117386114225
37495,Residential,8,1980,Mixed,15285.362196636646,407.6640137788144
39787,Office,35,2011,Mixed,22141.761981321513,556.5074517134118
3520,Education,10,2000,Mixed,1496.7373370696716,425.20947075842946
26498,Education,2,2020,Mixed,10080.713858781173,380.43300848294865
20363,Healthcare,22,2021,Concrete,14614.34506969733,717.6911589499254
27832,Healthcare,14,1993,Steel,22604.07424348397,812.1613338417638
16379,Office,11,1995,Timber,4112.318237592996,251.07260746034532
13087,Residential,19,2016,Concrete,6944.560784006,530.6457388252464
39019,Office,20,1989,Mixed,16565.4703604532,424.548818792209
2828,Residential,38,2000,Concrete,1880.7306391415002,665.0391227515913
15537,Office,38,1983,Mixed,8883.641945093623,571.7733117779251
28766,Healthcare,7,1983,Steel,20768.548705377845,721.982503837094
49868,Healthcare,16,1983,Mixed,26264.47460924827,526.6799271927542
17029,Residential,18,1998,Timber,4159.135233526509,244.23837180847428
45848,Education,19,2001,Mixed,19725.974100766354,430.2472103639494
22817,Residential,38,2010,Mixed,12363.735030569449,541.8650580956939
17044,Healthcare,36,2009,Timber,7709.813932922519,452.3476844005233
34937,Office,28,1990,Steel,26194.70190308668,749.7696397254109
13448,Office,17,1985,Mixed,5845.3947614192475,434.6664754178501
19394,Education,15,1985,Timber,5281.566401908475,272.3299165674165
49998,Education,9,2005,Mixed,18575.855587974787,371.5319730384173
31268,Healthcare,10,1982,Steel,23414.61287057923,748.8362821600111
7397,Residential,6,1996,Timber,1490.8392688491185,201.54647409072848
18833,Office,35,2005,Timber,6521.131636978087,346.2609056962824
23436,Healthcare,20,2000,Concrete,16820.735158028077,717.7306348364942
49709,Healthcare,26,1983,Concrete,36174.68839344196,727.7291515307481
30312,Residential,24,2015,Concrete,15747.991802655799,519.529948622849
47907,Residential,31,1999,Mixed,24057.84642132864,502.17810385389686
16261,Office,24,2021,Concrete,8409.16132557027,517.1367889779393
1162,Education,28,1993,Mixed,623.4522709201019,536.533795972549
35782,Healthcare,25,1992,Concrete,22543.394595295696,630.0205297438852
6347,Office,20,1997,Concrete,3534.131546315901,556.8192132213488
48299,Office,33,2006,Timber,15284.860836990196,316.4632981426157
15289,Education,32,1990,Mixed,7217.245795467541,472.0547972704258
40110,Healthcare,21,2021,Concrete,26279.400963738208,655.1832701006783
23669,Healthcare,37,2000,Concrete,16755.111772639266,707.8926770306842
35521,Education,37,2003,Steel,25919.60534136949,729.6980755431855
30055,Office,12,2020,Steel,17054.77325939067,567.452113105662
26470,Healthcare,7,2001,Timber,6890.867475985935,260.32744525825217
33316,Healthcare,34,2007,Concrete,24998.02145070518,750.3308155452389
45629,Education,17,2013,Concrete,23074.481928418725,505.69773452012373
4648,Residential,10,2000,Steel,3037.392598470878,653.483777640034
47136,Healthcare,2,1989,Concrete,27902.78468656564,591.9633546878317
13924,Education,39,2001,Mixed,6924.234889166632,497.2877685411255
31651,Healthcare,10,2014,Mixed,16085.76657722532,508.22301277132857
38823,Office,32,1986,Steel,25715.90105582089,662.3883021873861
10283,Education,22,1994,Mixed,4376.602623657993,425.61534801692045
19133,Education,28,1993,Timber,6669.47353457287,348.5848290687749
19489,Healthcare,28,2005,Steel,14610.882348447072,749.6989249549526
23263,Office,3,1987,Mixed,8556.718354581502,367.8252312505482
19658,Healthcare,6,2018,Mixed,8877.449593808025,451.5947499139295
14489,Education,19,1984,Timber,3741.9075516428097,258.2585100174484
34243,Healthcare,36,2016,Steel,28871.08015583566,843.123562650342
22038,Office,15,2019,Concrete,10778.460880492767,489.0852563977116
20909,Healthcare,12,1981,Timber,6158.454327694457,294.53605278561656
1258,Office,27,2022,Mixed,610.9904180002843,485.6839570749478
20584,Healthcare,8,2016,Mixed,9930.581659164536,482.4417828976164
26188,Education,4,2009,Concrete,13459.821545500854,513.9690524477186
3591,Education,9,1991,Timber,808.8163885761169,225.23430481094871
26150,Healthcare,21,2009,Steel,19826.33797410208,758.1773603863128
2125,Healthcare,31,2006,Steel,1819.2351560521806,856.1106616716144
27819,Office,25,1999,Concrete,15067.37098393542,541.6215889836234
24172,Residential,35,2007,Steel,16811.408894011147,695.4910182860808
31129,Residential,6,1998,Mixed,11389.808755170565,365.8906086019649
22953,Education,9,2000,Mixed,9055.940505837156,394.5427833327737
1587,Education,28,2009,Concrete,888.4535633513184,559.832113012803
21215,Healthcare,26,2012,Steel,17034.868030002446,802.9633763847488
46096,Residential,18,1990,Steel,29120.903606520013,631.7446981629645
17021,Healthcare,17,1984,Mixed,8833.939514684067,519.0023802763684
33602,Education,35,2012,Mixed,18485.332077555704,550.1259471923012
2089,Residential,35,2019,Mixed,1002.3279376436831,479.81232055705266
11693,Education,9,1999,Mixed,5072.980767380941,433.84766675625934
42814,Education,3,1983,Concrete,19958.89745590716,466.1768920424899
48246,Residential,21,2014,Steel,30362.026947728056,629.3169785625348
9179,Residential,14,2015,Mixed,3649.1307658883893,397.55210435650827
45898,Office,13,1994,Concrete,24350.227403972694,530.529160398551
8418,Residential,27,2002,Timber,2445.364489165862,290.4923365604493
7701,Healthcare,38,1993,Mixed,4872.0908439396835,632.6569074067892
47738,Residential,30,1993,Timber,15509.51271346987,324.88819626858833
24383,Office,14,2005,Concrete,12121.371621468676,497.1238822732509
5088,Healthcare,19,1982,Concrete,3460.1984550263905,680.0704510665075
6075,Healthcare,7,1993,Timber,1585.9026613967892,261.05393603239327
14686,Healthcare,19,1993,Mixed,8161.798285900852,555.753662392813
32655,Office,17,2009,Steel,18713.774333188736,573.075312607219
48192,Healthcare,14,1990,Steel,34400.84648304914,713.8289857870423
27957,Education,30,2020,Mixed,12760.948247031298,456.44912712491674
15849,Healthcare,22,2020,Mixed,8198.060900894705,517.2604518199701
24567,Education,29,2009,Mixed,12362.062236232114,503.1978766732655
30165,Healthcare,21,2000,Steel,22535.14633568898,747.0626996747548
43946,Office,33,1988,Steel,28484.40551319534,648.1683318890306
10168,Education,34,2003,Mixed,5363.257252665244,527.4643246130256
34110,Office,12,1991,Concrete,18348.98757580948,537.935724884476
46714,Office,26,2008,Concrete,27674.419579311078,592.4223911313755
43533,Education,20,2008,Timber,11549.142706010583,265.29627422898915
44355,Education,28,1983,Concrete,27670.269711661458,623.8365395482236
12093,Education,2,2003,Concrete,5532.626542491569,457.5065362186033
43752,Office,8,2002,Concrete,19598.767779387916,447.9513571811098
29369,Office,17,1991,Concrete,14284.623906712568,486.38441576875505
47546,Healthcare,1,2008,Steel,31551.899736646414,663.6078689405294
9333,Healthcare,35,1999,Mixed,5986.646294502213,641.4492976001513
44056,Office,8,2022,Mixed,15834.872244670576,359.4260088221939
31502,Residential,21,2021,Timber,8159.966305138797,259.0301030137387
6463,Office,37,2020,Steel,4383.427917944774,678.2342438410604
45602,Education,39,2020,Timber,17078.678336750258,374.5159935255089
35285,Education,19,1990,Steel,24713.474397968414,700.3960435870317
45199,Office,19,1991,Mixed,21753.256263705283,481.2773792275334
43092,Office,12,2012,Steel,27434.45138930457,636.6483660378857
4321,Healthcare,5,1987,Steel,3062.8258642376254,708.8233890853103
36820,Education,23,1999,Concrete,19790.987407960474,537.5064477990352
18373,Healthcare,33,2015,Concrete,12453.609556350864,677.8212353100128
11651,Education,20,2012,Mixed,4802.730960966143,412.21620126737133
15376,Education,39,1981,Timber,5934.478109015839,385.9572131253798
35610,Residential,11,1992,Concrete,17990.795695125384,505.21751460616065
12381,Education,9,2018,Mixed,4569.53032773755,369.07603002484046
12777,Residential,29,2017,Timber,4180.735155788281,327.2078857156047
23785,Healthcare,17,2020,Concrete,15369.202509124847,646.1720626077296
35624,Education,15,2005,Steel,20586.23367318604,577.8754118904683
10342,Office,31,2004,Timber,3684.031941177652,356.2204545714225
35587,Residential,21,2022,Concrete,19371.166475436665,544.3326629228837
25950,Office,9,2017,Concrete,13077.198074123815,503.93826875236283
43849,Healthcare,32,1982,Timber,19169.778077039347,437.1770867531607
4134,Education,23,2019,Timber,1239.5787674867838,299.8497260490527
2141,Residential,36,2012,Mixed,1106.2602794976685,516.7026060241329
41603,Healthcare,37,1986,Mixed,24277.412055322788,583.5495530447994
28840,Office,20,1998,Steel,18810.633889923374,652.2411196228632
3011,Residential,35,2022,Timber,977.3451393097396,324.5915441081832
48498,Residential,38,1984,Mixed,25479.691196053427,525.3761226453344
27039,Healthcare,12,2017,Steel,18229.962695090555,674.2099447128427
19284,Office,5,2009,Mixed,7922.038998249469,410.8089088492776
5652,Education,4,2005,Timber,1064.5799891051538,188.3545628282296
7591,Education,27,2021,Timber,2163.2162430833173,284.9711820686757
3169,Education,37,2021,Mixed,1632.334276428465,515.0944387593768
24173,Education,4,1997,Mixed,9025.187840397542,373.3582029701544
21538,Office,17,2011,Mixed,9881.588816190815,458.79788356350707
4236,Office,13,2013,Steel,2741.59817761789,647.213922950399
11582,Education,3,2021,Concrete,5126.403360607573,442.6181454504898
5857,Education,21,2000,Mixed,2841.187677156565,485.09265445732706
10714,Healthcare,1,2007,Timber,2206.8732935448697,205.9803335397489
38772,Education,34,1990,Mixed,19765.383836532823,509.7849952680497
20554,Office,18,2019,Concrete,11253.166086427991,547.4927550076866
20218,Residential,37,2018,Steel,13814.02269324204,683.2536696627777
26232,Office,37,2015,Concrete,15750.328046837345,600.4242164851076
2140,Healthcare,34,1990,Concrete,1602.7913709710122,748.967930360286
11485,Healthcare,21,1990,Timber,3633.138986111193,316.33774367533243
2207,Office,20,2020,Concrete,1100.8311599506071,498.79073853675
33272,Residential,19,2005,Mixed,13602.819521573707,408.836845442826
30535,Healthcare,6,2015,Concrete,17667.11024409092,578.5855655507096
14527,Residential,23,1994,Timber,4295.129119724029,295.66525226984436
40410,Office,17,1993,Timber,10510.720327028803,260.10196305441235
23190,Education,4,1986,Steel,13156.130062359322,567.3191057507254
49456,Education,8,1996,Steel,31203.883615132403,630.9423247964332
46895,Healthcare,19,2017,Timber,15315.393858702237,326.58905765438186
26518,Office,31,1995,Concrete,15969.088146235079,602.198059666456
6845,Office,3,1989,Concrete,3267.3005922425973,477.32660222682205
18611,Office,2,2020,Mixed,7012.246730002873,376.77968566991956
21536,Residential,30,2014,Timber,6681.392540513289,310.24296714864823
37976,Residential,7,2009,Timber,7420.471028596441,195.39896325564675
33792,Healthcare,37,1980,Timber,13743.668849181968,406.7136851675535
13935,Healthcare,5,1988,Timber,3691.572052132707,264.9136743546973
11433,Education,23,1988,Concrete,5913.997927292952,517.2743748178914
9605,Healthcare,31,2017,Timber,3744.4628667936586,389.84517093114613
42869,Education,13,2011,Concrete,19896.66641047425,464.12714106870345
39010,Education,38,1995,Concrete,22853.55386323496,585.8383456353489
13449,Education,16,2017,Mixed,5372.699319553579,399.4869001080808
47092,Residential,31,2013,Timber,15464.424320601167,328.38750362272077
5727,Education,27,2008,Timber,1795.5034411098266,313.5155301396589
16592,Office,30,1992,Steel,10951.515258811409,660.0479302562325
24864,Education,25,2001,Timber,8173.000781674852,328.70820389618933
24071,Education,10,1989,Mixed,9868.693788896297,409.9827090231522
26235,Healthcare,32,1993,Concrete,20025.77012674184,763.3226653989648
9244,Healthcare,24,1994,Concrete,6402.929865674431,692.657925754482
34996,Healthcare,23,1987,Concrete,23259.602420203813,664.6360275518291
13237,Education,34,1997,Mixed,7061.5953443106155,533.4740004767406
8016,Education,12,1994,Steel,4400.915723293123,549.0164325465472
32897,Residential,18,2011,Concrete,18499.74179484572,562.3534606452174
15087,Education,6,1984,Mixed,6009.283481632639,398.30870826755745
42627,Office,11,1980,Timber,9557.335067079517,224.2084844600727
6793,Education,4,2015,Concrete,3442.9368230917366,506.83598161220914
26682,Office,6,1991,Timber,5142.959769922437,192.75016003007408
42430,Residential,26,2008,Steel,31334.692952643127,738.5032512996258
24478,Office,10,2002,Steel,15312.592947291223,625.5655260761183
30796,Office,33,2003,Mixed,14685.037710384127,476.8488670731305
46486,Healthcare,25,2009,Steel,34681.76899167204,746.0691174046387
6842,Education,12,2016,Concrete,3213.6218716327653,469.69042262975233
16206,Residential,28,2020,Timber,5142.046707277537,317.2927747301948
41703,Residential,14,2014,Mixed,15773.827174409735,378.2420251399116
21456,Education,13,1997,Steel,14045.701073138582,654.6281260784201
16233,Education,16,1988,Steel,10983.08807153135,676.5901602618956
35773,Residential,33,2015,Steel,26877.159742074502,751.3252939947587
21360,Office,24,1987,Timber,5928.328223140437,277.5434561395336
20604,Education,28,2019,Concrete,11425.070519822213,554.5074024374983
45283,Healthcare,35,1992,Steel,41943.64323843946,926.255840788805
35441,Residential,10,1992,Steel,23012.842307373463,649.3282443320861
43965,Residential,17,2015,Concrete,23115.028121699368,525.759766216294
42346,Office,38,1996,Mixed,23301.912157800045,550.2742208898136
13828,Healthcare,25,2015,Concrete,9577.638615009135,692.6264546578778
45864,Residential,20,2007,Mixed,21765.35437602895,474.56293336885034
12867,Healthcare,12,2006,Concrete,7113.834829946031,552.8743941824847
49861,Education,34,2016,Concrete,30515.078868494948,612.0029455585517
18908,Healthcare,25,2012,Timber,6945.186548564828,367.3147106285608
21093,Healthcare,12,1995,Mixed,9962.23174474866,472.3003719124192
21936,Healthcare,32,1990,Mixed,14185.210224240127,646.6634857877519
29151,Office,8,2001,Timber,6160.431042093522,211.3282920686605
29572,Education,29,2013,Concrete,17539.306125550942,593.1051712955141
39011,Education,23,2005,Mixed,19800.98692715063,507.574451491903
34398,Office,5,2011,Mixed,13014.007746274758,378.3361749600197
17616,Education,17,2005,Mixed,7846.464246301783,445.4169077146788
33793,Office,25,1989,Timber,10468.267206508348,309.776202364642
42420,Education,8,2019,Mixed,16173.767161804759,381.2769250779057
9682,Healthcare,1,2017,Mixed,4310.120406949839,445.16839567752925
19990,Office,31,2020,Concrete,11035.01154141492,552.026590365929
17241,Office,5,1999,Mixed,6116.569209297749,354.7688190532886
35464,Healthcare,38,2006,Concrete,25830.374980979635,728.3548099757398
22625,Office,21,1984,Concrete,11991.071793515903,529.9921234703161
23973,Residential,18,1993,Concrete,12117.710390676148,505.4732570256601
2757,Education,3,2009,Concrete,1268.0418217150598,459.9353724029959
1492,Healthcare,33,1996,Mixed,1013.3361082948836,679.1796972485815
43506,Residential,31,2007,Mixed,23994.573756864407,551.5233245268332
13867,Healthcare,35,2005,Concrete,10544.896218488555,760.4309669350656
42316,Education,25,1997,Timber,12070.293013854352,285.2418237511663
31873,Residential,6,1983,Mixed,12820.507194750933,402.23722883791714
29001,Education,17,2022,Timber,7718.249602075755,266.13736085223803
6366,Residential,8,1992,Concrete,3104.9287156219593,487.73621043386106
11211,Healthcare,30,1980,Timber,4587.482431270858,409.19475794049225
37435,Education,24,2001,Steel,25075.910333055002,669.8520190478163
19852,Office,10,2015,Steel,11618.150037398464,585.2382650311537
37777,Healthcare,21,2003,Concrete,24262.14386295592,642.2464426226519
21022,Residential,8,2006,Concrete,10153.895040747328,483.01279805667053
38212,Office,3,1992,Steel,19942.49111458138,521.8907964665912
41695,Office,27,2013,Timber,13119.937867890541,314.66453694425087
28228,Office,7,1982,Mixed,9978.190700222949,353.4855710720897
41546,Residential,39,2006,Concrete,26031.420283274532,626.5686295497649
46740,Residential,29,1999,Steel,31565.504063542492,675.3424061519574
16417,Healthcare,26,1999,Mixed,8562.618139674263,521.5702101281759
10256,Education,5,1980,Steel,5482.246975671527,534.5404617464437
35540,Healthcare,29,1983,Steel,30939.55564859999,870.5558708103542
47002,Healthcare,21,2014,Mixed,26991.29176151792,574.2583669103
2132,Education,7,1986,Concrete,1115.202611677113,523.0781480661881
5557,Office,4,2002,Concrete,2814.928457027688,506.5554178563412
36948,Residential,29,1987,Steel,24629.594427491997,666.601559691783
17998,Healthcare,28,2006,Mixed,10149.44000663813,563.920435972782
36236,Education,1,1982,Timber,7120.464861671909,196.50250749729298
15270,Healthcare,36,2013,Steel,14101.855953739818,923.5007173372506
20459,Residential,3,2013,Steel,11474.474808310822,560.8521828198261
8415,Office,23,1984,Timber,2297.6664488049123,273.04414127212266
38544,Residential,6,2016,Steel,24470.701666778252,634.8770669047907
47694,Education,38,2000,Steel,34852.26292513249,730.7473251380151
39578,Healthcare,22,1983,Mixed,21017.237254781667,531.0333330330402
31206,Education,36,2020,Steel,23960.71777650054,767.8240651317228
36517,Residential,37,2004,Mixed,20774.353428287333,568.8954029161031
24736,Residential,36,2018,Mixed,13776.723004858572,556.9503155263006
25885,Office,21,1987,Steel,16550.10146398722,639.3703482320734
11014,Education,10,2011,Timber,2416.195189932483,219.3749037527223
9712,Residential,17,1990,Mixed,3838.092466336124,395.1907399439996
3832,Office,4,2004,Timber,806.1003297049617,210.36021130087727
3800,Residential,1,2004,Timber,684.6208762923051,180.163388497975
30566,Office,24,1981,Mixed,13447.157161544012,439.9384008880459
2914,Education,6,1980,Timber,635.7561451506751,218.173007944638
34276,Education,17,2013,Timber,8269.100454173531,241.25045087447577
22644,Office,6,1985,Mixed,9428.235533671483,416.3679355975748
37176,Education,12,1980,Steel,22135.451418619028,595.4231606041271
20555,Education,32,2011,Mixed,11335.473362617364,551.4703654885607
5946,Office,35,2019,Concrete,3867.6498612092923,650.4624724536314
5769,Residential,4,2003,Timber,1154.0510392493047,200.0435152104879
18376,Residential,19,1980,Steel,12370.365955943893,673.1805592046089
34767,Residential,13,2014,Timber,8341.685611225506,239.9311304175082
33298,Education,10,2004,Mixed,13791.10568240125,414.17219299661394
28798,Healthcare,2,2001,Timber,6567.934087042018,228.06910504347587
44526,Healthcare,14,1982,Concrete,29633.710748537942,665.5372310231762
12442,Education,18,1995,Mixed,4983.786809112995,400.56155032253616
22515,Office,11,1984,Timber,5197.538366532584,230.847806641465
20552,Residential,5,2007,Concrete,9968.191726531504,485.0229528285083
32802,Healthcare,33,2020,Timber,14062.230202216895,428.7003902876927
27049,Education,30,2018,Mixed,14828.395792674479,548.2049537015963
4765,Healthcare,7,1994,Timber,1155.3599931745127,242.46799437030694
25703,Education,29,1999,Steel,17239.266659013047,670.7102929235127
30240,Education,8,2005,Concrete,14873.02077086678,491.8326974492983
11561,Office,6,1984,Mixed,4308.48037031098,372.673676179481
49209,Office,26,1999,Steel,31484.111003673726,639.8039180571384
29230,Office,3,1989,Concrete,13545.845283447114,463.4226918729768
39401,Healthcare,24,1989,Concrete,29475.726830782864,748.0959069765454
33182,Education,39,2006,Steel,26824.422007240228,808.4028089699303
17346,Healthcare,20,1998,Mixed,8602.684300358416,495.94628734915347
31109,Residential,34,2001,Timber,10612.156769768539,341.12818701239314
4849,Education,9,2012,Mixed,1957.495651268056,403.6905859492794
37963,Office,2,2008,Mixed,14887.753383680561,392.16482848248455
15296,Residential,10,1994,Timber,3684.5099712200135,240.88062050340048
48994,Healthcare,22,2015,Concrete,32091.352463188054,655.0057652608085
42243,Office,1,1983,Timber,7429.054927823877,175.86475694964554
1082,Healthcare,1,1989,Mixed,481.7408590631895,445.2318475630217
13905,Residential,32,2011,Concrete,9291.249367579769,668.1948484415512
38705,Office,27,2014,Mixed,19704.455476659197,509.09328191859447
30038,Education,15,1983,Steel,18821.534428854407,626.5907992827221
25473,Education,19,2007,Steel,16584.120220760105,651.0469995980098
11409,Office,20,2019,Timber,3002.3826150499854,263.15913884214086
2134,Education,32,2012,Steel,1368.4178412280821,641.2454738650806
6039,Education,34,2019,Timber,2096.292924580974,347.12583616177744
18568,Education,11,1995,Concrete,9137.168704416477,492.09223957434716
27249,Education,18,2017,Timber,7832.483227993489,287.44112547225546
44326,Education,13,1982,Concrete,22890.032294659744,516.4019377940655
11103,Education,27,1987,Timber,3686.8264222005937,332.0567794470498
24624,Office,6,2022,Steel,13806.637094473936,560.698387527369
44803,Healthcare,33,2016,Steel,34866.024268576526,778.2073581808479
36585,Education,38,2019,Mixed,19894.29207326121,543.7827544966848
6668,Education,15,2007,Concrete,3728.0657301961346,559.0980399214359
11751,Residential,11,1992,Mixed,4845.041242192254,412.30884539122235
37412,Education,24,1983,Mixed,16195.915281129826,432.9069625021337
36842,Education,14,2017,Concrete,18808.313873253184,510.5128351678298
32781,Residential,21,2008,Steel,22701.97121844722,692.534432093201
19452,Healthcare,7,1982,Steel,14546.962824800512,747.8389278634851
18186,Education,4,1984,Steel,9971.710853146045,548.3179837867615
36098,Healthcare,23,2004,Steel,30203.48252941822,836.7079209213314
15387,Residential,24,2004,Steel,9912.992297917599,644.2446414452199
45895,Healthcare,5,2015,Concrete,25398.496964833725,553.4044441624083
20238,Residential,16,2012,Steel,11736.493073772603,579.9235632855323
18413,Office,35,2018,Concrete,11557.838709844644,627.6999245014198
33854,Office,17,1991,Timber,8902.847208399642,262.9777045075809
7968,Residential,22,1988,Steel,5215.9562154983,654.6129788526982
36468,Education,32,2002,Steel,24158.97045968774,662.4703976003
21929,Healthcare,37,1985,Mixed,14120.465588443829,643.9174421288626
14045,Residential,33,2009,Steel,9869.85313595086,702.7307323567718
8081,Healthcare,14,1989,Timber,2232.9478116056193,276.32072906888
30345,Healthcare,9,2021,Mixed,13839.83974261247,456.0830365006581
36062,Education,19,1994,Concrete,21461.39939066834,595.1250454957667
44370,Healthcare,9,2012,Concrete,28313.847998149442,638.1304484595322
15665,Education,1,2008,Concrete,6881.748024746757,439.3072470313921
2920,Office,34,2008,Mixed,1653.5722768414248,566.291875630625
6552,Healthcare,29,2018,Mixed,4265.848286141683,651.0757457481202
16810,Office,7,2018,Steel,10377.640865774943,617.3492484101691
13816,Residential,25,1982,Timber,4538.8710824286245,328.5228056187482
11655,Education,26,1995,Steel,8292.0551890513,711.4590466796483
34272,Office,22,1995,Steel,22552.089672660084,658.0324951172993
7773,Education,7,1993,Steel,4259.314354539336,547.9627369792018
30100,Residential,15,1982,Timber,7024.156651393255,233.36068609279917
35872,Residential,18,1981,Mixed,14337.848914914339,399.69471774404377
3763,Residential,36,1994,Mixed,2012.5729264927043,534.8320293629297
38548,Office,18,1981,Steel,26169.784715278976,678.8882617847612
23463,Education,29,2021,Steel,16131.933509268105,687.5477777465842
47773,Education,14,2019,Timber,12436.826933431876,260.33171317337985
23010,Healthcare,11,2010,Timber,7045.935034073221,306.2118658875802
4306,Residential,2,1988,Mixed,1591.0807145605913,369.5031849885256
45535,Residential,15,2004,Mixed,20383.914836339634,447.65377921026976
35660,Residential,39,2011,Concrete,24189.844842478728,678.3467426382144
25255,Education,29,1986,Mixed,11738.588268674699,464.80254479012865
35693,Healthcare,29,1996,Mixed,22298.6799238465,624.7353801542739
16935,Education,26,2015,Concrete,9977.11271696853,589.1415835233852
20275,Residential,13,1990,Concrete,10203.998659899626,503.2798352601542
39712,Healthcare,2,2009,Concrete,23709.07157019306,597.0253719327422
46450,Healthcare,15,1995,Steel,35427.42491823038,762.7002135248737
7539,Residential,26,2002,Concrete,4773.587361239494,633.1857489374579
17767,Office,38,1982,Concrete,11935.405147427045,671.7738024104826
14440,Office,30,2011,Mixed,7166.737646781367,496.3114713837512
49908,Residential,27,2015,Timber,14980.984510198814,300.1720066962975
49564,Education,15,1994,Mixed,20902.598402555144,421.7294488450316
38701,Education,24,1999,Concrete,22937.3151216871,592.6801664475621
17544,Healthcare,28,1987,Steel,14421.813018677807,822.0367657705089
2093,Residential,21,2011,Timber,635.1975225280886,303.48663283711835
36959,Healthcare,6,2004,Mixed,15845.696026260792,428.737141866955
17103,Healthcare,29,1986,Mixed,10498.035236796439,613.812502882327
33001,Residential,8,1990,Steel,19769.27819203517,599.0508830652152
39437,Healthcare,27,1999,Mixed,22156.527230066564,561.8208086331761
10306,Education,32,1989,Timber,3852.7818918458106,373.8387242233467
46406,Education,15,1995,Steel,27948.619370375316,602.263055862934
47067,Education,11,2000,Timber,10852.829101132373,230.58255468018723
15334,Residential,35,2001,Concrete,8658.246844485955,564.6437227393998
42073,Healthcare,32,2015,Mixed,23856.892850360764,567.0356962983567
18642,Healthcare,35,1982,Mixed,11544.369915411744,619.2667050430074
31857,Office,19,2004,Mixed,15567.574365691327,488.6704449788532
9210,Education,2,1989,Steel,5043.339016159514,547.5938128294804
49175,Healthcare,19,2002,Mixed,25624.641757746478,521.0908339145191
7838,Residential,28,1984,Timber,2363.507339071397,301.54469750847113
23164,Education,12,1983,Concrete,12532.88762239364,541.0502340871024
25229,Healthcare,25,1993,Timber,10063.381129900687,398.88149074084134
20610,Office,18,2002,Timber,5194.488335457603,252.0372797407862
37182,Office,25,2020,Concrete,20418.798130545212,549.158144546964
30504,Education,7,1983,Steel,16700.471861329974,547.4846532038413
10941,Healthcare,17,2008,Concrete,6560.14843783852,599.593130229277
5529,Healthcare,33,2022,Timber,2443.813753335771,441.9992319290596
5627,Residential,30,2017,Timber,1908.5440412421412,339.1761224883848
6213,Residential,13,1992,Concrete,3246.159200003289,522.4785449868483
24989,Residential,26,1990,Mixed,11022.928035727653,441.11121036166526
12413,Education,20,1987,Steel,7944.736688768574,640.0335687399157
33464,Residential,20,1995,Concrete,18990.65251651315,567.4949951145455
18359,Education,27,2002,Mixed,9588.989773449788,522.3045794133552
29850,Office,20,2016,Concrete,17045.34397612071,571.0332990325195
40542,Education,8,1994,Timber,9411.424235975246,232.14010744352146
15715,Residential,39,1991,Steel,12104.117034153864,770.2269827651202
33093,Residential,29,1998,Concrete,19239.810654356206,581.3861135090867
18478,Residential,34,1999,Concrete,10926.072974545841,591.3017087642517
32647,Residential,15,2016,Mixed,15187.760748822639,465.21152782254535
27616,Residential,8,2019,Mixed,10292.835071188483,372.71274156968724
25685,Healthcare,8,2008,Concrete,13654.486270055551,531.6132478121687
37902,Residential,28,2015,Steel,25119.25130256614,662.7421060251739
45825,Healthcare,22,1983,Timber,16829.9420835936,367.2655119169362
19814,Residential,24,2002,Concrete,11259.05448513475,568.2373314391212
46066,Education,28,2011,Concrete,25206.556106118824,547.1835216020237
35057,Residential,24,2014,Mixed,15730.854140120837,448.7221992789125
39230,Residential,17,1980,Timber,11402.765528463244,290.66442845942504
38688,Residential,34,1988,Concrete,25065.98434990268,647.9007534610907
29018,Healthcare,12,2019,Steel,22779.89942223939,785.0265153435588
39862,Education,39,1992,Steel,31272.0933330668,784.5088889936983
32379,Healthcare,26,2006,Steel,26365.21148608987,814.2688621047553
15536,Healthcare,12,2017,Timber,4615.831931711813,297.1055568815534
33994,Office,18,1995,Timber,9542.81790396141,280.7206537612934
48448,Education,32,2019,Steel,37080.33032278662,765.3634891592351
2252,Office,6,1998,Steel,1326.8794767550314,589.2004781327848
34037,Residential,31,1983,Mixed,17369.724026440035,510.3188890454516
44852,Office,32,2017,Timber,15465.851585205724,344.8196643450844
17436,Healthcare,30,1982,Mixed,10442.277438844407,598.8918008054833
34487,Residential,22,2011,Steel,23110.1887188325,670.1130489411228
9263,Education,6,1993,Mixed,3729.5399406099828,402.6276520144643
15079,Education,12,2010,Steel,9742.587426991899,646.1030192315073
20800,Residential,31,2000,Concrete,12639.25131915485,607.6563134209063
12669,Education,4,1992,Steel,7756.674683240326,612.2562698903091
9112,Residential,20,1992,Steel,5510.630651028357,604.766313765184
4968,Office,15,1992,Steel,2977.042391731494,599.2436376271122
39897,Healthcare,27,2002,Concrete,28623.535906208253,717.4357948268856
12737,Education,13,2018,Steel,7780.45794158158,610.8548277915977
19108,Office,16,1981,Concrete,9985.428691971072,522.5784326968324
1870,Office,13,2011,Concrete,943.3779130581868,504.48016741079505
45369,Residential,13,2022,Steel,29368.981552114208,647.3358802731867
14878,Healthcare,17,2019,Timber,4840.143890049018,325.32221333842034
32923,Office,10,2010,Steel,17976.918073488247,546.0291611787579
2848,Healthcare,9,1980,Mixed,1221.698909043647,428.96731356869634
4791,Residential,9,2011,Timber,1070.5763275912386,223.45571437930258
24501,Office,8,1987,Timber,5038.23437610893,205.63382621562099
31826,Office,11,2018,Timber,7705.750492468392,242.121237116458
44423,Office,29,2000,Steel,32942.94919479782,741.5741664182477
38253,Healthcare,22,2017,Steel,31807.716812274564,831.5090793473601
5917,Education,8,2020,Steel,3305.60436048164,558.6622208013588
24383,Education,21,1981,Timber,6311.916329025225,258.8654525294355
38531,Education,17,1985,Timber,9582.367808015799,248.69242448978224
45993,Healthcare,38,2016,Timber,20446.74611273002,444.562131470659
12939,Residential,13,2011,Steel,8285.725148968213,640.3682779942973
28323,Education,19,2014,Concrete,14136.133777352426,499.10439492117456
5891,Education,1,2021,Concrete,2943.9939227095774,499.7443426768931
14255,Office,24,1995,Concrete,8821.904667576862,618.8638840811549
44919,Healthcare,12,2010,Mixed,21399.24299783898,476.396246529063
41446,Office,34,1982,Concrete,23152.700981933773,558.6232925236156
12241,Residential,9,2005,Mixed,5080.695336835713,415.05557853408317
32954,Residential,3,2003,Steel,17184.590027292168,521.4720527793946
11703,Education,15,2014,Mixed,5336.823376251373,456.0218214347922
16641,Healthcare,34,2002,Timber,6789.005002930322,407.9685717763549
47550,Healthcare,4,2002,Mixed,21918.921705942772,460.96575617124654
43229,Office,25,1981,Concrete,27045.160098464723,625.6253926406978
47040,Office,20,2001,Steel,32012.618541989257,680.5403601613363
46939,Office,38,1994,Concrete,28838.973544097753,614.3925849314589
26901,Healthcare,25,2000,Mixed,14157.739946902999,526.2904704993495
36440,Office,23,1983,Timber,11677.625803568812,320.46173994425936
14026,Healthcare,22,2019,Timber,5075.987206246238,361.89841767048614
11377,Healthcare,25,1987,Timber,3959.062262282075,347.98824490481456
35820,Healthcare,37,2017,Steel,29863.66966102181,833.7149542440483
31209,Education,1,2019,Mixed,11338.32413669565,363.3030259442997
19395,Education,12,2018,Concrete,10464.14971904932,539.5282144392534
7078,Healthcare,28,2009,Steel,5311.773695393757,750.4625170095729
23484,Residential,34,2010,Mixed,11057.065685187907,470.83400124288477
22031,Office,37,1980,Steel,15020.055804269792,681.7691345953335
7837,Residential,21,1994,Steel,4698.388254016567,599.5136217961677
19412,Education,16,1987,Concrete,10917.420219460771,562.4057397208311
9848,Office,38,1996,Mixed,5298.915986297561,538.0702666833429
7509,Residential,14,1987,Steel,4726.784710169026,629.4825822571615
10968,Office,31,2014,Mixed,5116.385767088019,466.4830203398996
1406,Residential,25,2013,Concrete,879.1261453040627,625.2675286657629
12795,Residential,6,1985,Timber,2771.0029568252176,216.56920334702758
10603,Residential,17,1993,Concrete,5183.00297589565,488.8241984245638
30227,Healthcare,15,1998,Timber,10060.606812015963,332.8351080827063
28042,Healthcare,17,2014,Timber,8438.458484434052,300.92213410006605
41863,Education,24,1996,Timber,11944.358796891041,285.32018242579466
36170,Office,32,2015,Steel,25843.315450597715,714.4958653745566
11637,Healthcare,37,1994,Timber,4880.898395241383,419.429268302946
47799,Healthcare,28,1995,Concrete,31515.303832640202,659.3297732722484
26883,Residential,32,1981,Timber,8401.194924151167,312.50957572261905
5887,Healthcare,15,2022,Timber,1966.4747719727332,334.0368221458694
37343,Office,39,2021,Steel,28542.871012084743,764.3432775107715
20229,Education,10,2017,Concrete,9190.140705453527,454.3052402715669
28356,Office,39,2013,Timber,11470.557607003497,404.51959398375993
11589,Education,6,1983,Steel,7279.596104180483,628.1470449719978
39505,Healthcare,18,1994,Mixed,21056.67814346035,533.0129893294609
10417,Office,20,1985,Mixed,5047.994484206783,484.5919635410179
46890,Education,11,2022,Steel,29484.43708680757,628.8001084838467
44856,Education,19,1984,Mixed,20643.95536422812,460.2272909806519
28938,Residential,22,1980,Mixed,12998.000641430579,449.1672071819262
28386,Education,3,1988,Mixed,9720.860708777858,342.45264245676947
48216,Residential,9,2002,Concrete,24452.869130970605,507.1525869207443
14380,Education,23,2009,Steel,8912.867870891609,619.8100049298754
24799,Office,25,1989,Concrete,14898.910439046307,600.7867429753743
31009,Residential,30,2020,Steel,22408.362848214907,722.640615570154
27671,Healthcare,34,1989,Timber,11005.850238907646,397.7395193129141
7548,Office,22,1986,Timber,2085.8287867334498,276.34191663135266
6695,Residential,2,1991,Steel,3688.933396723859,550.9982668743628
39218,Residential,16,1997,Timber,9235.443927046505,235.48992623403805
40567,Residential,6,2022,Timber,8089.493098828511,199.4106810665938
17459,Residential,13,1983,Timber,3855.0627101459063,220.80661608029703
5922,Residential,27,2006,Timber,1780.1768652606502,300.60399616019083
32422,Education,12,1992,Concrete,15421.85948204303,475.6603381050839
17848,Education,36,2000,Mixed,10273.705606337306,575.6222325379485
3843,Healthcare,29,1991,Steel,2938.0963060188346,764.5319557686272
2094,Healthcare,37,2008,Timber,914.3088064959804,436.6326678586344
13205,Education,19,1992,Concrete,6777.283124166243,513.2361320837746
24862,Office,29,1999,Steel,16477.942807191488,662.7762371165429
4969,Healthcare,22,2011,Mixed,2562.567776853913,515.7109633435124
21323,Residential,30,1998,Timber,7462.797957741193,349.988179793706
42789,Education,29,2015,Concrete,24631.06011164405,575.640003543996
1931,Education,9,2018,Timber,426.76775865269514,221.0086787429804
49243,Residential,15,1999,Steel,31057.450052925848,630.6977652240084
19257,Residential,5,1999,Timber,4135.556077155453,214.7559888433013
34045,Office,4,2008,Mixed,11541.629255857495,339.0109929756938
40560,Residential,31,1986,Mixed,22438.005880554407,553.2052731892112
13450,Residential,21,2010,Timber,4205.2090726602655,312.65494964016847
23337,Healthcare,10,1981,Concrete,13526.922394259536,579.6341601002501
39751,Office,16,1995,Concrete,19060.38365965821,479.49444440789443
4178,Education,24,1980,Timber,1267.4858828284912,303.37144155780067
47489,Healthcare,12,2010,Steel,37472.77770272605,789.0833182995231
8135,Healthcare,1,2007,Steel,5705.452964536024,701.3464000658911
31313,Residential,24,1983,Mixed,13424.968766879225,428.73467144250714
45327,Education,11,1982,Mixed,17078.932944187993,376.79380819793926
16216,Education,2,1995,Concrete,7571.786240334456,466.9330439278771
14907,Residential,38,2007,Steel,9968.626168715973,668.7211490384365
9635,Residential,33,1992,Mixed,5207.226707690185,540.4490615142901
30092,Residential,16,2001,Steel,20282.918198274256,674.0302471844428
30978,Education,16,2013,Mixed,13263.337258529558,428.15343981307893
6543,Residential,9,1991,Concrete,2923.7693799381345,446.85455906130744
44512,Healthcare,34,1999,Timber,19186.253395097017,431.0355273880531
47514,Office,36,2003,Concrete,28712.113220278075,604.2874357090137
6197,Education,2,2008,Timber,1269.3600421809233,204.8346041925001
33083,Healthcare,39,2003,Steel,27029.064500461496,817.007662559668
31564,Residential,18,2003,Concrete,18067.937021094727,572.4222855498266
21811,Residential,22,1985,Mixed,11019.216626676161,505.2137282415369
15541,Residential,16,2015,Mixed,7073.151128823506,455.1284427529442
28564,Office,36,1999,Concrete,18287.54752647884,640.2306233888405
9044,Education,16,1984,Mixed,3753.4482746119106,415.0208176262617
6581,Education,39,2010,Concrete,4438.965900547823,674.5123690241336
47416,Healthcare,23,1993,Steel,36647.81955779031,772.899855698294
16886,Healthcare,17,2020,Concrete,11747.965818993654,695.7222444032722
41708,Residential,27,2002,Mixed,19371.714487708174,464.4604029852348
38710,Residential,33,2010,Timber,12971.919820097397,335.1051361430482
38997,Education,23,2011,Mixed,19563.999678803706,501.67960814431126
44298,Healthcare,5,1988,Steel,28029.01823148753,632.7377811975152
41542,Office,22,1981,Steel,30098.271145135866,724.5262901433697
16960,Education,8,1980,Mixed,6135.537927469086,361.76520798756405
8754,Healthcare,39,2003,Timber,3964.4104899586423,452.8684589854515
3575,Residential,35,1999,Concrete,2218.2044928470573,620.47678121596
27681,Education,1,1996,Concrete,13029.395791964303,470.69816090330204
5103,Residential,29,2012,Timber,1737.5862073725464,340.5028821031837
6594,Office,12,1999,Steel,3826.6479269893184,580.3227065497905
47851,Education,19,2017,Timber,13472.664400799486,281.554500445121
47988,Office,22,2007,Mixed,22039.401396956404,459.2690130231809
11450,Office,8,1987,Concrete,5636.940692590451,492.3092307939259
26625,Education,23,2022,Steel,17852.136996235855,670.5027979806894
21690,Healthcare,39,1991,Timber,9847.065655150958,453.9910398870889
11905,Residential,27,1990,Concrete,6996.758116073107,587.7159274315924
43431,Education,6,2017,Steel,25762.4873007089,593.1819967467685
49994,Office,8,1986,Timber,11895.590310836169,237.94035905981056
43904,Healthcare,12,2005,Concrete,27172.680468831113,618.9112716114959
12826,Education,37,2003,Mixed,6253.782006444882,487.5863095622082
21597,Office,4,1990,Mixed,8400.429171867923,388.9627805652602
14945,Residential,11,2007,Concrete,7623.409371589149,510.097649487397
42750,Office,28,2022,Timber,13257.629982425035,310.1199995888897
43037,Office,29,1998,Steel,29946.199004366168,695.8244999504186
